InvoiceId,AlbumId,Album_Name
1,2,Balls to the Wall
1,3,Restless and Wild
2,1,For Those About To Rock We Salute You
2,1,For Those About To Rock We Salute You
2,1,For Those About To Rock We Salute You
2,1,For Those About To Rock We Salute You
3,4,Let There Be Rock
3,4,Let There Be Rock
3,5,Big Ones
3,5,Big Ones
3,5,Big Ones
3,5,Big Ones
4,6,Jagged Little Pill
4,6,Jagged Little Pill
4,7,Facelift
4,7,Facelift
4,8,Warner 25 Anos
4,8,Warner 25 Anos
4,9,Plays Metallica By Four Cellos
4,9,Plays Metallica By Four Cellos
4,10,Audioslave
5,11,Out Of Exile
5,11,Out Of Exile
5,12,BackBeat Soundtrack
5,13,The Best Of Billy Cobham
5,14,Alcohol Fueled Brewtality Live! [Disc 1]
5,15,Alcohol Fueled Brewtality Live! [Disc 2]
5,16,Black Sabbath
5,17,Black Sabbath Vol. 4 (Remaster)
5,18,Body Count
5,18,Body Count
5,19,Chemical Wedding
5,20,The Best Of Buddy Guy - The Millenium Collection
5,21,Prenda Minha
5,21,Prenda Minha
6,23,Minha Historia
7,23,Minha Historia
7,23,Minha Historia
8,23,Minha Historia
8,23,Minha Historia
9,23,Minha Historia
9,23,Minha Historia
9,23,Minha Historia
9,23,Minha Historia
10,24,Afrociberdelia
10,24,Afrociberdelia
10,24,Afrociberdelia
10,24,Afrociberdelia
10,24,Afrociberdelia
10,24,Afrociberdelia
11,25,Da Lama Ao Caos
11,25,Da Lama Ao Caos
11,26,Acústico MTV [Live]
11,26,Acústico MTV [Live]
11,26,Acústico MTV [Live]
11,27,Cidade Negra - Hits
11,27,Cidade Negra - Hits
11,28,Na Pista
11,28,Na Pista
12,29,Axé Bahia 2001
12,30,BBC Sessions [Disc 1] [Live]
12,30,BBC Sessions [Disc 1] [Live]
12,31,Bongo Fury
12,32,Carnaval 2001
12,33,Chill: Brazil (Disc 1)
12,33,Chill: Brazil (Disc 1)
12,34,Chill: Brazil (Disc 2)
12,34,Chill: Brazil (Disc 2)
12,35,Garage Inc. (Disc 1)
12,36,Greatest Hits II
12,36,Greatest Hits II
12,37,Greatest Kiss
12,37,Greatest Kiss
13,38,Heart of the Night
14,38,Heart of the Night
14,38,Heart of the Night
15,38,Heart of the Night
15,39,International Superhits
16,39,International Superhits
16,39,International Superhits
16,39,International Superhits
16,39,International Superhits
17,39,International Superhits
17,39,International Superhits
17,39,International Superhits
17,40,Into The Light
17,40,Into The Light
17,40,Into The Light
18,41,Meus Momentos
18,41,Meus Momentos
18,23,Minha Historia
18,23,Minha Historia
18,42,Minha História
18,42,Minha História
18,42,Minha História
18,43,MK III The Final Concerts [Disc 1]
18,44,Physical Graffiti [Disc 1]
19,45,Sambas De Enredo 2001
19,46,Supernatural
19,46,Supernatural
19,47,The Best of Ed Motta
19,48,The Essential Miles Davis [Disc 1]
19,48,The Essential Miles Davis [Disc 1]
19,49,The Essential Miles Davis [Disc 2]
19,51,Up An' Atom
19,51,Up An' Atom
19,51,Up An' Atom
19,52,Vinícius De Moraes - Sem Limite
19,53,Vozes do MPB
19,53,Vozes do MPB
19,54,"Chronicle, Vol. 1"
20,54,"Chronicle, Vol. 1"
21,55,"Chronicle, Vol. 2"
21,55,"Chronicle, Vol. 2"
22,55,"Chronicle, Vol. 2"
22,55,"Chronicle, Vol. 2"
23,55,"Chronicle, Vol. 2"
23,55,"Chronicle, Vol. 2"
23,55,"Chronicle, Vol. 2"
23,55,"Chronicle, Vol. 2"
24,55,"Chronicle, Vol. 2"
24,56,Cássia Eller - Coleção Sem Limite [Disc 2]
24,56,Cássia Eller - Coleção Sem Limite [Disc 2]
24,56,Cássia Eller - Coleção Sem Limite [Disc 2]
24,56,Cássia Eller - Coleção Sem Limite [Disc 2]
24,57,Cássia Eller - Sem Limite [Disc 1]
25,57,Cássia Eller - Sem Limite [Disc 1]
25,57,Cássia Eller - Sem Limite [Disc 1]
25,58,Come Taste The Band
25,59,Deep Purple In Rock
25,60,Fireball
25,61,Knocking at Your Back Door: The Best Of Deep Purple in the 80's
25,61,Knocking at Your Back Door: The Best Of Deep Purple in the 80's
25,62,Machine Head
25,63,Purpendicular
26,63,Purpendicular
26,64,Slaves And Masters
26,65,Stormbringer
26,66,The Battle Rages On
26,67,Vault: Def Leppard's Greatest Hits
26,67,Vault: Def Leppard's Greatest Hits
26,68,Outbreak
26,69,Djavan Ao Vivo - Vol. 02
26,70,Djavan Ao Vivo - Vol. 1
26,70,Djavan Ao Vivo - Vol. 1
26,71,Elis Regina-Minha História
26,72,The Cream Of Clapton
26,72,The Cream Of Clapton
26,73,Unplugged
27,74,Album Of The Year
28,74,Album Of The Year
28,74,Album Of The Year
29,74,Album Of The Year
29,74,Album Of The Year
30,74,Album Of The Year
30,75,Angel Dust
30,75,Angel Dust
30,75,Angel Dust
31,75,Angel Dust
31,75,Angel Dust
31,76,King For A Day Fool For A Lifetime
31,76,King For A Day Fool For A Lifetime
31,76,King For A Day Fool For A Lifetime
31,77,The Real Thing
32,77,The Real Thing
32,78,Deixa Entrar
32,78,Deixa Entrar
32,78,Deixa Entrar
32,79,In Your Honor [Disc 1]
32,80,In Your Honor [Disc 2]
32,80,In Your Honor [Disc 2]
32,81,One By One
32,81,One By One
33,82,The Colour And The Shape
33,83,My Way: The Best Of Frank Sinatra [Disc 1]
33,83,My Way: The Best Of Frank Sinatra [Disc 1]
33,83,My Way: The Best Of Frank Sinatra [Disc 1]
33,84,Roda De Funk
33,84,Roda De Funk
33,85,As Canções de Eu Tu Eles
33,86,Quanta Gente Veio Ver (Live)
33,86,Quanta Gente Veio Ver (Live)
33,73,Unplugged
33,73,Unplugged
33,88,Faceless
33,89,American Idiot
33,89,American Idiot
34,91,Use Your Illusion I
35,91,Use Your Illusion I
35,91,Use Your Illusion I
36,91,Use Your Illusion I
36,91,Use Your Illusion I
37,91,Use Your Illusion I
37,91,Use Your Illusion I
37,91,Use Your Illusion I
37,91,Use Your Illusion I
38,92,Use Your Illusion II
38,92,Use Your Illusion II
38,92,Use Your Illusion II
38,93,Blue Moods
38,93,Blue Moods
38,93,Blue Moods
39,94,A Matter of Life and Death
39,94,A Matter of Life and Death
39,95,A Real Dead One
39,95,A Real Dead One
39,96,A Real Live One
39,96,A Real Live One
39,97,Brave New World
39,97,Brave New World
39,98,Dance Of Death
40,99,Fear Of The Dark
40,100,Iron Maiden
40,101,Killers
40,101,Killers
40,102,Live After Death
40,102,Live After Death
40,103,Live At Donington 1992 (Disc 1)
40,104,Live At Donington 1992 (Disc 2)
40,105,No Prayer For The Dying
40,106,Piece Of Mind
40,107,Powerslave
40,108,Rock In Rio [CD1]
40,109,Rock In Rio [CD2]
40,110,Seventh Son of a Seventh Son
41,112,The Number of The Beast
42,112,The Number of The Beast
42,112,The Number of The Beast
43,112,The Number of The Beast
43,113,The X Factor
44,113,The X Factor
44,113,The X Factor
44,113,The X Factor
44,113,The X Factor
45,114,Virtual XI
45,114,Virtual XI
45,115,Sex Machine
45,115,Sex Machine
45,115,Sex Machine
45,115,Sex Machine
46,116,Emergency On Planet Earth
46,116,Emergency On Planet Earth
46,117,Synkronized
46,117,Synkronized
46,118,The Return Of The Space Cowboy
46,118,The Return Of The Space Cowboy
46,119,Get Born
46,119,Get Born
46,120,Are You Experienced?
47,120,Are You Experienced?
47,121,Surfing with the Alien (Remastered)
47,122,Jorge Ben Jor 25 Anos
47,122,Jorge Ben Jor 25 Anos
47,123,Jota Quest-1995
47,124,Cafezinho
47,124,Cafezinho
47,125,Living After Midnight
47,126,Unplugged [Live]
47,126,Unplugged [Live]
47,127,BBC Sessions [Disc 2] [Live]
47,128,Coda
47,129,Houses Of The Holy
47,130,In Through The Out Door
48,132,Led Zeppelin I
49,132,Led Zeppelin I
49,132,Led Zeppelin I
50,132,Led Zeppelin I
50,133,Led Zeppelin II
51,133,Led Zeppelin II
51,133,Led Zeppelin II
51,133,Led Zeppelin II
51,134,Led Zeppelin III
52,134,Led Zeppelin III
52,134,Led Zeppelin III
52,135,Physical Graffiti [Disc 2]
52,135,Physical Graffiti [Disc 2]
52,136,Presence
52,136,Presence
53,137,The Song Remains The Same (Disc 1)
53,139,A TempestadeTempestade Ou O Livro Dos Dias
53,139,A TempestadeTempestade Ou O Livro Dos Dias
53,139,A TempestadeTempestade Ou O Livro Dos Dias
53,140,Mais Do Mesmo
53,140,Mais Do Mesmo
53,141,Greatest Hits
53,141,Greatest Hits
53,141,Greatest Hits
54,142,Lulu Santos - RCA 100 Anos De Música - Álbum 01
54,143,Lulu Santos - RCA 100 Anos De Música - Álbum 02
54,143,Lulu Santos - RCA 100 Anos De Música - Álbum 02
54,144,Misplaced Childhood
54,145,Barulhinho Bom
54,145,Barulhinho Bom
54,146,Seek And Shall Find: More Of The Best (1963-1981)
54,146,Seek And Shall Find: More Of The Best (1963-1981)
54,147,The Best Of Men At Work
54,148,Black Album
54,149,Garage Inc. (Disc 2)
54,149,Garage Inc. (Disc 2)
54,150,Kill 'Em All
54,151,Load
55,152,Master Of Puppets
56,152,Master Of Puppets
56,152,Master Of Puppets
57,152,Master Of Puppets
57,152,Master Of Puppets
58,153,ReLoad
58,153,ReLoad
58,153,ReLoad
58,153,ReLoad
59,153,ReLoad
59,154,Ride The Lightning
59,154,Ride The Lightning
59,155,St. Anger
59,155,St. Anger
59,155,St. Anger
60,156,...And Justice For All
60,157,Miles Ahead
60,157,Miles Ahead
60,158,Milton Nascimento Ao Vivo
60,158,Milton Nascimento Ao Vivo
60,158,Milton Nascimento Ao Vivo
60,159,Minas
60,159,Minas
60,160,Ace Of Spades
61,160,Ace Of Spades
61,161,Demorou...
61,162,Motley Crue Greatest Hits
61,162,Motley Crue Greatest Hits
61,163,From The Muddy Banks Of The Wishkah [Live]
61,163,From The Muddy Banks Of The Wishkah [Live]
61,164,Nevermind
61,165,Compositores
61,165,Compositores
61,166,Olodum
61,167,Acústico MTV
61,167,Acústico MTV
61,167,Acústico MTV
61,168,Arquivo II
62,169,Arquivo Os Paralamas Do Sucesso
63,169,Arquivo Os Paralamas Do Sucesso
63,169,Arquivo Os Paralamas Do Sucesso
64,169,Arquivo Os Paralamas Do Sucesso
64,169,Arquivo Os Paralamas Do Sucesso
65,171,Blizzard of Ozz
65,172,Diary of a Madman (Remastered)
65,173,No More Tears (Remastered)
65,174,Tribute
66,174,Tribute
66,174,Tribute
66,174,Tribute
66,175,Walking Into Clarksdale
66,175,Walking Into Clarksdale
66,175,Walking Into Clarksdale
67,176,Original Soundtracks 1
67,176,Original Soundtracks 1
67,177,The Beast Live
67,177,The Beast Live
67,178,Live On Two Legs [Live]
67,178,Live On Two Legs [Live]
67,179,Pearl Jam
67,179,Pearl Jam
67,180,Riot Act
68,180,Riot Act
68,181,Ten
68,182,Vs.
68,182,Vs.
68,141,Greatest Hits
68,183,Dark Side Of The Moon
68,184,Os Cães Ladram Mas A Caravana Não Pára
68,184,Os Cães Ladram Mas A Caravana Não Pára
68,185,Greatest Hits I
68,185,Greatest Hits I
68,186,News Of The World
68,188,Green
68,188,Green
68,189,New Adventures In Hi-Fi
69,190,The Best Of R.E.M.: The IRS Years
70,190,The Best Of R.E.M.: The IRS Years
70,190,The Best Of R.E.M.: The IRS Years
71,190,The Best Of R.E.M.: The IRS Years
71,190,The Best Of R.E.M.: The IRS Years
72,190,The Best Of R.E.M.: The IRS Years
72,190,The Best Of R.E.M.: The IRS Years
72,190,The Best Of R.E.M.: The IRS Years
72,190,The Best Of R.E.M.: The IRS Years
73,191,Cesta Básica
73,191,Cesta Básica
73,192,Raul Seixas
73,192,Raul Seixas
73,192,Raul Seixas
73,192,Raul Seixas
74,193,Blood Sugar Sex Magik
74,193,Blood Sugar Sex Magik
74,193,Blood Sugar Sex Magik
74,194,By The Way
74,194,By The Way
74,195,Californication
74,195,Californication
74,195,Californication
74,196,Retrospective I (1974-1980)
75,196,Retrospective I (1974-1980)
75,198,Santana Live
75,141,Greatest Hits
75,141,Greatest Hits
75,199,Maquinarama
75,200,O Samba Poconé
75,201,Judas 0: B-Sides and Rarities
75,201,Judas 0: B-Sides and Rarities
75,202,Rotten Apples: Greatest Hits
75,202,Rotten Apples: Greatest Hits
75,203,A-Sides
75,203,A-Sides
75,204,Morning Dance
75,205,In Step
76,206,Core
77,206,Core
77,206,Core
78,207,Mezmerize
78,207,Mezmerize
79,207,Mezmerize
79,207,Mezmerize
79,207,Mezmerize
79,207,Mezmerize
80,208,[1997] Black Light Syndrome
80,209,Live [Disc 1]
80,209,Live [Disc 1]
80,209,Live [Disc 1]
80,210,Live [Disc 2]
80,210,Live [Disc 2]
81,211,The Singles
81,211,The Singles
81,211,The Singles
81,212,Beyond Good And Evil
81,212,Beyond Good And Evil
81,213,"Pure Cult: The Best Of The Cult (For Rockers, Ravers, Lovers & Sinners) [UK]"
81,213,"Pure Cult: The Best Of The Cult (For Rockers, Ravers, Lovers & Sinners) [UK]"
81,213,"Pure Cult: The Best Of The Cult (For Rockers, Ravers, Lovers & Sinners) [UK]"
81,214,The Doors
82,215,The Police Greatest Hits
82,215,The Police Greatest Hits
82,216,"Hot Rocks, 1964-1971 (Disc 1)"
82,217,No Security
82,217,No Security
82,218,Voodoo Lounge
82,219,Tangents
82,219,Tangents
82,220,Transmission
82,221,My Generation - The Very Best Of The Who
82,221,My Generation - The Very Best Of The Who
82,221,My Generation - The Very Best Of The Who
82,222,Serie Sem Limite (Disc 1)
82,223,Serie Sem Limite (Disc 2)
83,224,Acústico
84,224,Acústico
84,224,Acústico
85,224,Acústico
85,224,Acústico
86,224,Acústico
86,224,Acústico
86,224,Acústico
86,224,Acústico
87,224,Acústico
87,225,Volume Dois
87,225,Volume Dois
87,225,Volume Dois
87,225,Volume Dois
87,227,"Battlestar Galactica, Season 3"
88,227,"Battlestar Galactica, Season 3"
88,227,"Battlestar Galactica, Season 3"
88,227,"Battlestar Galactica, Season 3"
88,228,"Heroes, Season 1"
88,228,"Heroes, Season 1"
88,228,"Heroes, Season 1"
88,229,"Lost, Season 3"
88,230,"Lost, Season 1"
88,229,"Lost, Season 3"
89,230,"Lost, Season 1"
89,231,"Lost, Season 2"
89,230,"Lost, Season 1"
89,231,"Lost, Season 2"
89,230,"Lost, Season 1"
89,232,Achtung Baby
89,232,Achtung Baby
89,233,All That You Can't Leave Behind
89,234,B-Sides 1980-1990
89,235,How To Dismantle An Atomic Bomb
89,235,How To Dismantle An Atomic Bomb
89,236,Pop
89,237,Rattle And Hum
89,237,Rattle And Hum
90,238,The Best Of 1980-1990
91,238,The Best Of 1980-1990
91,238,The Best Of 1980-1990
92,239,War
92,239,War
93,239,War
93,239,War
93,239,War
93,240,Zooropa
94,240,Zooropa
94,240,Zooropa
94,241,UB40 The Best Of - Volume Two [UK]
94,241,UB40 The Best Of - Volume Two [UK]
94,241,UB40 The Best Of - Volume Two [UK]
94,242,Diver Down
95,242,Diver Down
95,243,"The Best Of Van Halen, Vol. I"
95,243,"The Best Of Van Halen, Vol. I"
95,243,"The Best Of Van Halen, Vol. I"
95,244,Van Halen
95,244,Van Halen
95,245,Van Halen III
95,245,Van Halen III
95,246,Contraband
96,246,Contraband
96,247,Vinicius De Moraes
96,141,Greatest Hits
96,141,Greatest Hits
96,248,Ao Vivo [IMPORT]
96,248,Ao Vivo [IMPORT]
96,229,"Lost, Season 3"
96,250,"The Office, Season 2"
96,250,"The Office, Season 2"
96,250,"The Office, Season 2"
96,251,"The Office, Season 3"
96,251,"The Office, Season 3"
96,228,"Heroes, Season 1"
96,253,"Battlestar Galactica (Classic), Season 1"
97,253,"Battlestar Galactica (Classic), Season 1"
98,253,"Battlestar Galactica (Classic), Season 1"
98,253,"Battlestar Galactica (Classic), Season 1"
99,254,Aquaman
99,229,"Lost, Season 3"
100,255,Instant Karma: The Amnesty International Campaign to Save Darfur
100,255,Instant Karma: The Amnesty International Campaign to Save Darfur
100,255,Instant Karma: The Amnesty International Campaign to Save Darfur
100,255,Instant Karma: The Amnesty International Campaign to Save Darfur
101,255,Instant Karma: The Amnesty International Campaign to Save Darfur
101,255,Instant Karma: The Amnesty International Campaign to Save Darfur
101,255,Instant Karma: The Amnesty International Campaign to Save Darfur
101,256,Speak of the Devil
101,256,Speak of the Devil
101,256,Speak of the Devil
102,257,20th Century Masters - The Millennium Collection: The Best of Scorpions
102,257,20th Century Masters - The Millennium Collection: The Best of Scorpions
102,258,House of Pain
102,258,House of Pain
102,258,House of Pain
102,259,Radio Brasil (O Som da Jovem Vanguarda) - Seleccao de Henrique Amaro
102,259,Radio Brasil (O Som da Jovem Vanguarda) - Seleccao de Henrique Amaro
102,259,Radio Brasil (O Som da Jovem Vanguarda) - Seleccao de Henrique Amaro
102,261,"LOST, Season 4"
103,261,"LOST, Season 4"
103,266,Duos II
103,269,Temple of the Dog
103,269,Temple of the Dog
103,270,Carry On
103,271,Revelations
103,271,Revelations
103,279,Handel: The Messiah (Highlights)
103,288,"Fauré: Requiem, Ravel: Pavane & Others"
103,251,"The Office, Season 3"
103,304,Beethoven Piano Sonatas: Moonlight & Pastorale
103,312,Berlioz: Symphonie Fantastique
103,321,Back to Black
103,321,Back to Black
104,323,Carried to Dust (Bonus Track Version)
105,324,Beethoven: Symphony No. 6 'Pastoral' Etc.
105,325,Bartok: Violin & Viola Concertos
106,327,Bach: Orchestral Suites Nos. 1 - 4
106,329,South American Getaway
107,331,Purcell: The Fairy Queen
107,333,Purcell: Music for the Queen Mary
107,335,"J.S. Bach: Chaconne, Suite in E Minor, Partita in E Major & Prelude, Fugue and Allegro"
107,314,English Renaissance
108,340,Liszt - 12 Études D'Execution Transcendante
108,344,Schubert: The Late String Quartets & String Quintet (3 CD's)
108,1,For Those About To Rock We Salute You
108,3,Restless and Wild
108,1,For Those About To Rock We Salute You
108,1,For Those About To Rock We Salute You
109,4,Let There Be Rock
109,5,Big Ones
109,5,Big Ones
109,5,Big Ones
109,6,Jagged Little Pill
109,6,Jagged Little Pill
109,7,Facelift
109,7,Facelift
109,8,Warner 25 Anos
110,8,Warner 25 Anos
110,10,Audioslave
110,10,Audioslave
110,11,Out Of Exile
110,12,BackBeat Soundtrack
110,12,BackBeat Soundtrack
110,13,The Best Of Billy Cobham
110,14,Alcohol Fueled Brewtality Live! [Disc 1]
110,15,Alcohol Fueled Brewtality Live! [Disc 2]
110,17,Black Sabbath Vol. 4 (Remaster)
110,18,Body Count
110,18,Body Count
110,19,Chemical Wedding
110,19,Chemical Wedding
111,21,Prenda Minha
112,21,Prenda Minha
112,21,Prenda Minha
113,21,Prenda Minha
113,21,Prenda Minha
114,21,Prenda Minha
114,21,Prenda Minha
114,21,Prenda Minha
114,21,Prenda Minha
115,22,Sozinho Remix Ao Vivo
115,23,Minha Historia
115,23,Minha Historia
115,23,Minha Historia
115,23,Minha Historia
115,23,Minha Historia
116,24,Afrociberdelia
116,24,Afrociberdelia
116,24,Afrociberdelia
116,25,Da Lama Ao Caos
116,25,Da Lama Ao Caos
116,25,Da Lama Ao Caos
116,26,Acústico MTV [Live]
116,26,Acústico MTV [Live]
116,27,Cidade Negra - Hits
117,27,Cidade Negra - Hits
117,28,Na Pista
117,29,Axé Bahia 2001
117,29,Axé Bahia 2001
117,30,BBC Sessions [Disc 1] [Live]
117,31,Bongo Fury
117,32,Carnaval 2001
117,32,Carnaval 2001
117,33,Chill: Brazil (Disc 1)
117,33,Chill: Brazil (Disc 1)
117,34,Chill: Brazil (Disc 2)
117,34,Chill: Brazil (Disc 2)
117,35,Garage Inc. (Disc 1)
117,36,Greatest Hits II
118,37,Greatest Kiss
119,37,Greatest Kiss
119,37,Greatest Kiss
120,37,Greatest Kiss
120,37,Greatest Kiss
121,37,Greatest Kiss
121,37,Greatest Kiss
121,37,Greatest Kiss
121,37,Greatest Kiss
122,38,Heart of the Night
122,38,Heart of the Night
122,38,Heart of the Night
122,39,International Superhits
122,39,International Superhits
122,39,International Superhits
123,39,International Superhits
123,40,Into The Light
123,40,Into The Light
123,41,Meus Momentos
123,41,Meus Momentos
123,41,Meus Momentos
123,23,Minha Historia
123,23,Minha Historia
123,42,Minha História
124,42,Minha História
124,43,MK III The Final Concerts [Disc 1]
124,45,Sambas De Enredo 2001
124,45,Sambas De Enredo 2001
124,46,Supernatural
124,47,The Best of Ed Motta
124,47,The Best of Ed Motta
124,48,The Essential Miles Davis [Disc 1]
124,49,The Essential Miles Davis [Disc 2]
124,50,The Final Concerts (Disc 2)
124,51,Up An' Atom
124,51,Up An' Atom
124,52,Vinícius De Moraes - Sem Limite
124,52,Vinícius De Moraes - Sem Limite
125,53,Vozes do MPB
126,53,Vozes do MPB
126,53,Vozes do MPB
127,54,"Chronicle, Vol. 1"
127,54,"Chronicle, Vol. 1"
128,54,"Chronicle, Vol. 1"
128,54,"Chronicle, Vol. 1"
128,54,"Chronicle, Vol. 1"
128,54,"Chronicle, Vol. 1"
129,54,"Chronicle, Vol. 1"
129,54,"Chronicle, Vol. 1"
129,55,"Chronicle, Vol. 2"
129,55,"Chronicle, Vol. 2"
129,55,"Chronicle, Vol. 2"
129,55,"Chronicle, Vol. 2"
130,56,Cássia Eller - Coleção Sem Limite [Disc 2]
130,56,Cássia Eller - Coleção Sem Limite [Disc 2]
130,56,Cássia Eller - Coleção Sem Limite [Disc 2]
130,57,Cássia Eller - Sem Limite [Disc 1]
130,57,Cássia Eller - Sem Limite [Disc 1]
130,58,Come Taste The Band
130,58,Come Taste The Band
130,59,Deep Purple In Rock
130,60,Fireball
131,61,Knocking at Your Back Door: The Best Of Deep Purple in the 80's
131,62,Machine Head
131,63,Purpendicular
131,64,Slaves And Masters
131,65,Stormbringer
131,66,The Battle Rages On
131,67,Vault: Def Leppard's Greatest Hits
131,67,Vault: Def Leppard's Greatest Hits
131,68,Outbreak
131,69,Djavan Ao Vivo - Vol. 02
131,69,Djavan Ao Vivo - Vol. 02
131,70,Djavan Ao Vivo - Vol. 1
131,71,Elis Regina-Minha História
131,71,Elis Regina-Minha História
132,72,The Cream Of Clapton
133,72,The Cream Of Clapton
133,72,The Cream Of Clapton
134,72,The Cream Of Clapton
134,73,Unplugged
135,73,Unplugged
135,73,Unplugged
135,73,Unplugged
135,73,Unplugged
136,73,Unplugged
136,74,Album Of The Year
136,74,Album Of The Year
136,74,Album Of The Year
136,75,Angel Dust
136,75,Angel Dust
137,75,Angel Dust
137,76,King For A Day Fool For A Lifetime
137,76,King For A Day Fool For A Lifetime
137,77,The Real Thing
137,77,The Real Thing
137,78,Deixa Entrar
137,78,Deixa Entrar
137,79,In Your Honor [Disc 1]
137,79,In Your Honor [Disc 1]
138,80,In Your Honor [Disc 2]
138,81,One By One
138,82,The Colour And The Shape
138,82,The Colour And The Shape
138,83,My Way: The Best Of Frank Sinatra [Disc 1]
138,83,My Way: The Best Of Frank Sinatra [Disc 1]
138,84,Roda De Funk
138,84,Roda De Funk
138,85,As Canções de Eu Tu Eles
138,85,As Canções de Eu Tu Eles
138,86,Quanta Gente Veio Ver (Live)
138,87,Quanta Gente Veio ver--Bônus De Carnaval
138,73,Unplugged
138,88,Faceless
139,89,American Idiot
140,89,American Idiot
140,89,American Idiot
141,89,American Idiot
141,89,American Idiot
142,89,American Idiot
142,89,American Idiot
142,90,Appetite for Destruction
142,90,Appetite for Destruction
143,90,Appetite for Destruction
143,90,Appetite for Destruction
143,91,Use Your Illusion I
143,91,Use Your Illusion I
143,91,Use Your Illusion I
143,91,Use Your Illusion I
144,92,Use Your Illusion II
144,92,Use Your Illusion II
144,93,Blue Moods
144,93,Blue Moods
144,94,A Matter of Life and Death
144,94,A Matter of Life and Death
144,95,A Real Dead One
144,95,A Real Dead One
144,96,A Real Live One
145,97,Brave New World
145,98,Dance Of Death
145,98,Dance Of Death
145,99,Fear Of The Dark
145,100,Iron Maiden
145,101,Killers
145,102,Live After Death
145,102,Live After Death
145,103,Live At Donington 1992 (Disc 1)
145,104,Live At Donington 1992 (Disc 2)
145,105,No Prayer For The Dying
145,106,Piece Of Mind
145,107,Powerslave
145,108,Rock In Rio [CD1]
146,109,Rock In Rio [CD2]
147,109,Rock In Rio [CD2]
147,109,Rock In Rio [CD2]
148,110,Seventh Son of a Seventh Son
148,110,Seventh Son of a Seventh Son
149,110,Seventh Son of a Seventh Son
149,110,Seventh Son of a Seventh Son
149,111,Somewhere in Time
149,111,Somewhere in Time
150,111,Somewhere in Time
150,112,The Number of The Beast
150,112,The Number of The Beast
150,113,The X Factor
150,113,The X Factor
150,113,The X Factor
151,114,Virtual XI
151,115,Sex Machine
151,115,Sex Machine
151,115,Sex Machine
151,116,Emergency On Planet Earth
151,116,Emergency On Planet Earth
151,117,Synkronized
151,117,Synkronized
151,118,The Return Of The Space Cowboy
152,119,Get Born
152,119,Get Born
152,120,Are You Experienced?
152,120,Are You Experienced?
152,121,Surfing with the Alien (Remastered)
152,122,Jorge Ben Jor 25 Anos
152,123,Jota Quest-1995
152,123,Jota Quest-1995
152,124,Cafezinho
152,125,Living After Midnight
152,125,Living After Midnight
152,126,Unplugged [Live]
152,126,Unplugged [Live]
152,127,BBC Sessions [Disc 2] [Live]
153,129,Houses Of The Holy
154,129,Houses Of The Holy
154,129,Houses Of The Holy
155,130,In Through The Out Door
155,130,In Through The Out Door
156,130,In Through The Out Door
156,130,In Through The Out Door
156,131,IV
156,131,IV
157,131,IV
157,132,Led Zeppelin I
157,132,Led Zeppelin I
157,133,Led Zeppelin II
157,133,Led Zeppelin II
157,134,Led Zeppelin III
158,134,Led Zeppelin III
158,135,Physical Graffiti [Disc 2]
158,136,Presence
158,136,Presence
158,138,The Song Remains The Same (Disc 2)
158,139,A TempestadeTempestade Ou O Livro Dos Dias
158,139,A TempestadeTempestade Ou O Livro Dos Dias
158,139,A TempestadeTempestade Ou O Livro Dos Dias
158,140,Mais Do Mesmo
159,140,Mais Do Mesmo
159,141,Greatest Hits
159,143,Lulu Santos - RCA 100 Anos De Música - Álbum 02
159,142,Lulu Santos - RCA 100 Anos De Música - Álbum 01
159,142,Lulu Santos - RCA 100 Anos De Música - Álbum 01
159,144,Misplaced Childhood
159,144,Misplaced Childhood
159,145,Barulhinho Bom
159,145,Barulhinho Bom
159,146,Seek And Shall Find: More Of The Best (1963-1981)
159,146,Seek And Shall Find: More Of The Best (1963-1981)
159,147,The Best Of Men At Work
159,148,Black Album
159,149,Garage Inc. (Disc 2)
160,150,Kill 'Em All
161,150,Kill 'Em All
161,150,Kill 'Em All
162,150,Kill 'Em All
162,150,Kill 'Em All
163,151,Load
163,151,Load
163,151,Load
163,151,Load
164,151,Load
164,152,Master Of Puppets
164,152,Master Of Puppets
164,153,ReLoad
164,153,ReLoad
164,153,ReLoad
165,154,Ride The Lightning
165,154,Ride The Lightning
165,155,St. Anger
165,156,...And Justice For All
165,156,...And Justice For All
165,157,Miles Ahead
165,157,Miles Ahead
165,158,Milton Nascimento Ao Vivo
165,158,Milton Nascimento Ao Vivo
166,159,Minas
166,159,Minas
166,160,Ace Of Spades
166,161,Demorou...
166,161,Demorou...
166,162,Motley Crue Greatest Hits
166,163,From The Muddy Banks Of The Wishkah [Live]
166,163,From The Muddy Banks Of The Wishkah [Live]
166,164,Nevermind
166,164,Nevermind
166,165,Compositores
166,166,Olodum
166,166,Olodum
166,167,Acústico MTV
167,167,Acústico MTV
168,167,Acústico MTV
168,168,Arquivo II
169,168,Arquivo II
169,168,Arquivo II
170,168,Arquivo II
170,168,Arquivo II
170,168,Arquivo II
170,169,Arquivo Os Paralamas Do Sucesso
171,169,Arquivo Os Paralamas Do Sucesso
171,169,Arquivo Os Paralamas Do Sucesso
171,169,Arquivo Os Paralamas Do Sucesso
171,170,Bark at the Moon (Remastered)
171,173,No More Tears (Remastered)
171,174,Tribute
172,174,Tribute
172,175,Walking Into Clarksdale
172,175,Walking Into Clarksdale
172,176,Original Soundtracks 1
172,176,Original Soundtracks 1
172,176,Original Soundtracks 1
172,177,The Beast Live
172,178,Live On Two Legs [Live]
172,178,Live On Two Legs [Live]
173,178,Live On Two Legs [Live]
173,179,Pearl Jam
173,180,Riot Act
173,180,Riot Act
173,181,Ten
173,182,Vs.
173,141,Greatest Hits
173,141,Greatest Hits
173,183,Dark Side Of The Moon
173,184,Os Cães Ladram Mas A Caravana Não Pára
173,185,Greatest Hits I
173,185,Greatest Hits I
173,186,News Of The World
173,186,News Of The World
174,188,Green
175,189,New Adventures In Hi-Fi
175,189,New Adventures In Hi-Fi
176,189,New Adventures In Hi-Fi
176,189,New Adventures In Hi-Fi
177,189,New Adventures In Hi-Fi
177,189,New Adventures In Hi-Fi
177,189,New Adventures In Hi-Fi
177,189,New Adventures In Hi-Fi
178,187,Out Of Time
178,187,Out Of Time
178,190,The Best Of R.E.M.: The IRS Years
178,190,The Best Of R.E.M.: The IRS Years
178,190,The Best Of R.E.M.: The IRS Years
178,190,The Best Of R.E.M.: The IRS Years
179,191,Cesta Básica
179,192,Raul Seixas
179,192,Raul Seixas
179,192,Raul Seixas
179,193,Blood Sugar Sex Magik
179,193,Blood Sugar Sex Magik
179,194,By The Way
179,194,By The Way
179,194,By The Way
180,195,Californication
180,195,Californication
180,196,Retrospective I (1974-1980)
180,197,Santana - As Years Go By
180,198,Santana Live
180,141,Greatest Hits
180,199,Maquinarama
180,199,Maquinarama
180,200,O Samba Poconé
180,201,Judas 0: B-Sides and Rarities
180,201,Judas 0: B-Sides and Rarities
180,202,Rotten Apples: Greatest Hits
180,202,Rotten Apples: Greatest Hits
180,203,A-Sides
181,204,Morning Dance
182,204,Morning Dance
182,204,Morning Dance
183,204,Morning Dance
183,205,In Step
184,205,In Step
184,205,In Step
184,205,In Step
184,205,In Step
185,206,Core
185,206,Core
185,206,Core
185,207,Mezmerize
185,207,Mezmerize
185,208,[1997] Black Light Syndrome
186,208,[1997] Black Light Syndrome
186,209,Live [Disc 1]
186,210,Live [Disc 2]
186,210,Live [Disc 2]
186,211,The Singles
186,211,The Singles
186,211,The Singles
186,212,Beyond Good And Evil
186,212,Beyond Good And Evil
187,213,"Pure Cult: The Best Of The Cult (For Rockers, Ravers, Lovers & Sinners) [UK]"
187,213,"Pure Cult: The Best Of The Cult (For Rockers, Ravers, Lovers & Sinners) [UK]"
187,214,The Doors
187,215,The Police Greatest Hits
187,216,"Hot Rocks, 1964-1971 (Disc 1)"
187,216,"Hot Rocks, 1964-1971 (Disc 1)"
187,217,No Security
187,218,Voodoo Lounge
187,218,Voodoo Lounge
187,219,Tangents
187,219,Tangents
187,220,Transmission
187,221,My Generation - The Very Best Of The Who
187,221,My Generation - The Very Best Of The Who
188,222,Serie Sem Limite (Disc 1)
189,222,Serie Sem Limite (Disc 1)
189,222,Serie Sem Limite (Disc 1)
190,222,Serie Sem Limite (Disc 1)
190,222,Serie Sem Limite (Disc 1)
191,223,Serie Sem Limite (Disc 2)
191,223,Serie Sem Limite (Disc 2)
191,223,Serie Sem Limite (Disc 2)
191,223,Serie Sem Limite (Disc 2)
192,223,Serie Sem Limite (Disc 2)
192,224,Acústico
192,224,Acústico
192,224,Acústico
192,224,Acústico
192,224,Acústico
193,225,Volume Dois
193,225,Volume Dois
193,225,Volume Dois
193,227,"Battlestar Galactica, Season 3"
193,227,"Battlestar Galactica, Season 3"
193,227,"Battlestar Galactica, Season 3"
193,228,"Heroes, Season 1"
193,228,"Heroes, Season 1"
193,228,"Heroes, Season 1"
194,231,"Lost, Season 2"
194,231,"Lost, Season 2"
194,231,"Lost, Season 2"
194,231,"Lost, Season 2"
194,231,"Lost, Season 2"
194,231,"Lost, Season 2"
194,231,"Lost, Season 2"
194,230,"Lost, Season 1"
194,232,Achtung Baby
194,233,All That You Can't Leave Behind
194,234,B-Sides 1980-1990
194,234,B-Sides 1980-1990
194,235,How To Dismantle An Atomic Bomb
194,236,Pop
195,237,Rattle And Hum
196,237,Rattle And Hum
196,237,Rattle And Hum
197,237,Rattle And Hum
197,237,Rattle And Hum
198,237,Rattle And Hum
198,237,Rattle And Hum
198,237,Rattle And Hum
198,238,The Best Of 1980-1990
199,238,The Best Of 1980-1990
199,238,The Best Of 1980-1990
199,238,The Best Of 1980-1990
199,239,War
199,239,War
199,240,Zooropa
200,240,Zooropa
200,241,UB40 The Best Of - Volume Two [UK]
200,241,UB40 The Best Of - Volume Two [UK]
200,242,Diver Down
200,242,Diver Down
200,243,"The Best Of Van Halen, Vol. I"
200,243,"The Best Of Van Halen, Vol. I"
200,243,"The Best Of Van Halen, Vol. I"
200,244,Van Halen
201,245,Van Halen III
201,245,Van Halen III
201,246,Contraband
201,247,Vinicius De Moraes
201,247,Vinicius De Moraes
201,141,Greatest Hits
201,248,Ao Vivo [IMPORT]
201,248,Ao Vivo [IMPORT]
201,248,Ao Vivo [IMPORT]
201,249,"The Office, Season 1"
201,250,"The Office, Season 2"
201,250,"The Office, Season 2"
201,251,"The Office, Season 3"
201,251,"The Office, Season 3"
202,228,"Heroes, Season 1"
203,229,"Lost, Season 3"
203,252,Un-Led-Ed
204,253,"Battlestar Galactica (Classic), Season 1"
204,253,"Battlestar Galactica (Classic), Season 1"
205,253,"Battlestar Galactica (Classic), Season 1"
205,253,"Battlestar Galactica (Classic), Season 1"
205,253,"Battlestar Galactica (Classic), Season 1"
205,253,"Battlestar Galactica (Classic), Season 1"
206,253,"Battlestar Galactica (Classic), Season 1"
206,253,"Battlestar Galactica (Classic), Season 1"
206,253,"Battlestar Galactica (Classic), Season 1"
206,255,Instant Karma: The Amnesty International Campaign to Save Darfur
206,255,Instant Karma: The Amnesty International Campaign to Save Darfur
206,255,Instant Karma: The Amnesty International Campaign to Save Darfur
207,255,Instant Karma: The Amnesty International Campaign to Save Darfur
207,255,Instant Karma: The Amnesty International Campaign to Save Darfur
207,256,Speak of the Devil
207,256,Speak of the Devil
207,257,20th Century Masters - The Millennium Collection: The Best of Scorpions
207,257,20th Century Masters - The Millennium Collection: The Best of Scorpions
207,258,House of Pain
207,258,House of Pain
207,258,House of Pain
208,259,Radio Brasil (O Som da Jovem Vanguarda) - Seleccao de Henrique Amaro
208,259,Radio Brasil (O Som da Jovem Vanguarda) - Seleccao de Henrique Amaro
208,261,"LOST, Season 4"
208,263,Muso Ko
208,261,"LOST, Season 4"
208,269,Temple of the Dog
208,270,Carry On
208,270,Carry On
208,271,Revelations
208,274,Pachelbel: Canon & Gigue
208,283,Haydn: Symphonies 99 - 104
208,292,"Holst: The Planets, Op. 32 & Vaughan Williams: Fantasies"
208,299,Scheherazade
208,307,"Adams, John: The Chairman Dances"
209,321,Back to Black
210,321,Back to Black
210,321,Back to Black
211,321,Back to Black
211,321,Back to Black
212,321,Back to Black
212,321,Back to Black
212,322,Frank
212,322,Frank
213,322,Frank
213,322,Frank
213,326,Mendelssohn: A Midsummer Night's Dream
213,330,Górecki: Symphony No. 3
213,334,Weill: The Seven Deadly Sins
213,337,"Szymanowski: Piano Works, Vol. 1"
214,343,Respighi:Pines of Rome
214,2,Balls to the Wall
214,1,For Those About To Rock We Salute You
214,1,For Those About To Rock We Salute You
214,4,Let There Be Rock
214,5,Big Ones
214,5,Big Ones
214,6,Jagged Little Pill
214,6,Jagged Little Pill
215,7,Facelift
215,7,Facelift
215,8,Warner 25 Anos
215,9,Plays Metallica By Four Cellos
215,10,Audioslave
215,10,Audioslave
215,11,Out Of Exile
215,12,BackBeat Soundtrack
215,13,The Best Of Billy Cobham
215,14,Alcohol Fueled Brewtality Live! [Disc 1]
215,14,Alcohol Fueled Brewtality Live! [Disc 1]
215,16,Black Sabbath
215,17,Black Sabbath Vol. 4 (Remaster)
215,18,Body Count
216,19,Chemical Wedding
217,19,Chemical Wedding
217,19,Chemical Wedding
218,19,Chemical Wedding
218,19,Chemical Wedding
219,19,Chemical Wedding
219,20,The Best Of Buddy Guy - The Millenium Collection
219,20,The Best Of Buddy Guy - The Millenium Collection
219,20,The Best Of Buddy Guy - The Millenium Collection
220,20,The Best Of Buddy Guy - The Millenium Collection
220,21,Prenda Minha
220,21,Prenda Minha
220,21,Prenda Minha
220,21,Prenda Minha
220,21,Prenda Minha
221,23,Minha Historia
221,23,Minha Historia
221,23,Minha Historia
221,24,Afrociberdelia
221,24,Afrociberdelia
221,24,Afrociberdelia
221,24,Afrociberdelia
221,25,Da Lama Ao Caos
221,25,Da Lama Ao Caos
222,26,Acústico MTV [Live]
222,26,Acústico MTV [Live]
222,27,Cidade Negra - Hits
222,27,Cidade Negra - Hits
222,28,Na Pista
222,29,Axé Bahia 2001
222,30,BBC Sessions [Disc 1] [Live]
222,30,BBC Sessions [Disc 1] [Live]
222,31,Bongo Fury
222,32,Carnaval 2001
222,33,Chill: Brazil (Disc 1)
222,33,Chill: Brazil (Disc 1)
222,34,Chill: Brazil (Disc 2)
222,34,Chill: Brazil (Disc 2)
223,35,Garage Inc. (Disc 1)
224,35,Garage Inc. (Disc 1)
224,35,Garage Inc. (Disc 1)
225,36,Greatest Hits II
225,36,Greatest Hits II
226,36,Greatest Hits II
226,36,Greatest Hits II
226,36,Greatest Hits II
226,36,Greatest Hits II
227,36,Greatest Hits II
227,37,Greatest Kiss
227,37,Greatest Kiss
227,37,Greatest Kiss
227,37,Greatest Kiss
227,37,Greatest Kiss
228,38,Heart of the Night
228,38,Heart of the Night
228,39,International Superhits
228,39,International Superhits
228,39,International Superhits
228,40,Into The Light
228,40,Into The Light
228,41,Meus Momentos
228,41,Meus Momentos
229,23,Minha Historia
229,23,Minha Historia
229,42,Minha História
229,43,MK III The Final Concerts [Disc 1]
229,44,Physical Graffiti [Disc 1]
229,45,Sambas De Enredo 2001
229,46,Supernatural
229,46,Supernatural
229,47,The Best of Ed Motta
229,48,The Essential Miles Davis [Disc 1]
229,48,The Essential Miles Davis [Disc 1]
229,49,The Essential Miles Davis [Disc 2]
229,51,Up An' Atom
229,51,Up An' Atom
230,52,Vinícius De Moraes - Sem Limite
231,52,Vinícius De Moraes - Sem Limite
231,52,Vinícius De Moraes - Sem Limite
232,52,Vinícius De Moraes - Sem Limite
232,52,Vinícius De Moraes - Sem Limite
233,52,Vinícius De Moraes - Sem Limite
233,52,Vinícius De Moraes - Sem Limite
233,52,Vinícius De Moraes - Sem Limite
233,53,Vozes do MPB
234,53,Vozes do MPB
234,53,Vozes do MPB
234,53,Vozes do MPB
234,54,"Chronicle, Vol. 1"
234,54,"Chronicle, Vol. 1"
234,54,"Chronicle, Vol. 1"
235,54,"Chronicle, Vol. 1"
235,55,"Chronicle, Vol. 2"
235,55,"Chronicle, Vol. 2"
235,55,"Chronicle, Vol. 2"
235,56,Cássia Eller - Coleção Sem Limite [Disc 2]
235,56,Cássia Eller - Coleção Sem Limite [Disc 2]
235,56,Cássia Eller - Coleção Sem Limite [Disc 2]
235,57,Cássia Eller - Sem Limite [Disc 1]
235,57,Cássia Eller - Sem Limite [Disc 1]
236,58,Come Taste The Band
236,59,Deep Purple In Rock
236,60,Fireball
236,61,Knocking at Your Back Door: The Best Of Deep Purple in the 80's
236,62,Machine Head
236,63,Purpendicular
236,64,Slaves And Masters
236,65,Stormbringer
236,66,The Battle Rages On
236,67,Vault: Def Leppard's Greatest Hits
236,67,Vault: Def Leppard's Greatest Hits
236,68,Outbreak
236,69,Djavan Ao Vivo - Vol. 02
236,70,Djavan Ao Vivo - Vol. 1
237,71,Elis Regina-Minha História
238,71,Elis Regina-Minha História
238,71,Elis Regina-Minha História
239,71,Elis Regina-Minha História
239,71,Elis Regina-Minha História
240,71,Elis Regina-Minha História
240,71,Elis Regina-Minha História
240,72,The Cream Of Clapton
240,72,The Cream Of Clapton
241,72,The Cream Of Clapton
241,72,The Cream Of Clapton
241,72,The Cream Of Clapton
241,73,Unplugged
241,73,Unplugged
241,73,Unplugged
242,74,Album Of The Year
242,74,Album Of The Year
242,75,Angel Dust
242,75,Angel Dust
242,75,Angel Dust
242,76,King For A Day Fool For A Lifetime
242,76,King For A Day Fool For A Lifetime
242,77,The Real Thing
242,77,The Real Thing
243,78,Deixa Entrar
243,79,In Your Honor [Disc 1]
243,80,In Your Honor [Disc 2]
243,80,In Your Honor [Disc 2]
243,81,One By One
243,82,The Colour And The Shape
243,83,My Way: The Best Of Frank Sinatra [Disc 1]
243,83,My Way: The Best Of Frank Sinatra [Disc 1]
243,83,My Way: The Best Of Frank Sinatra [Disc 1]
243,84,Roda De Funk
243,84,Roda De Funk
243,85,As Canções de Eu Tu Eles
243,86,Quanta Gente Veio Ver (Live)
243,86,Quanta Gente Veio Ver (Live)
244,73,Unplugged
245,73,Unplugged
245,73,Unplugged
246,73,Unplugged
246,73,Unplugged
247,73,Unplugged
247,88,Faceless
247,88,Faceless
247,88,Faceless
248,88,Faceless
248,89,American Idiot
248,89,American Idiot
248,89,American Idiot
248,90,Appetite for Destruction
248,90,Appetite for Destruction
249,90,Appetite for Destruction
249,91,Use Your Illusion I
249,91,Use Your Illusion I
249,92,Use Your Illusion II
249,92,Use Your Illusion II
249,92,Use Your Illusion II
249,93,Blue Moods
249,93,Blue Moods
249,94,A Matter of Life and Death
250,95,A Real Dead One
250,95,A Real Dead One
250,96,A Real Live One
250,97,Brave New World
250,98,Dance Of Death
250,99,Fear Of The Dark
250,99,Fear Of The Dark
250,100,Iron Maiden
250,101,Killers
250,102,Live After Death
250,102,Live After Death
250,103,Live At Donington 1992 (Disc 1)
250,104,Live At Donington 1992 (Disc 2)
250,105,No Prayer For The Dying
251,107,Powerslave
252,107,Powerslave
252,107,Powerslave
253,107,Powerslave
253,107,Powerslave
254,108,Rock In Rio [CD1]
254,108,Rock In Rio [CD1]
254,108,Rock In Rio [CD1]
254,108,Rock In Rio [CD1]
255,109,Rock In Rio [CD2]
255,109,Rock In Rio [CD2]
255,109,Rock In Rio [CD2]
255,110,Seventh Son of a Seventh Son
255,110,Seventh Son of a Seventh Son
255,111,Somewhere in Time
256,112,The Number of The Beast
256,112,The Number of The Beast
256,113,The X Factor
256,114,Virtual XI
256,114,Virtual XI
256,115,Sex Machine
256,115,Sex Machine
256,115,Sex Machine
256,116,Emergency On Planet Earth
257,117,Synkronized
257,117,Synkronized
257,118,The Return Of The Space Cowboy
257,119,Get Born
257,120,Are You Experienced?
257,120,Are You Experienced?
257,121,Surfing with the Alien (Remastered)
257,122,Jorge Ben Jor 25 Anos
257,122,Jorge Ben Jor 25 Anos
257,123,Jota Quest-1995
257,124,Cafezinho
257,124,Cafezinho
257,125,Living After Midnight
257,126,Unplugged [Live]
258,126,Unplugged [Live]
259,127,BBC Sessions [Disc 2] [Live]
259,127,BBC Sessions [Disc 2] [Live]
260,127,BBC Sessions [Disc 2] [Live]
260,127,BBC Sessions [Disc 2] [Live]
261,127,BBC Sessions [Disc 2] [Live]
261,127,BBC Sessions [Disc 2] [Live]
261,128,Coda
261,128,Coda
262,128,Coda
262,129,Houses Of The Holy
262,129,Houses Of The Holy
262,130,In Through The Out Door
262,131,IV
262,131,IV
263,132,Led Zeppelin I
263,132,Led Zeppelin I
263,133,Led Zeppelin II
263,134,Led Zeppelin III
263,134,Led Zeppelin III
263,135,Physical Graffiti [Disc 2]
263,136,Presence
263,137,The Song Remains The Same (Disc 1)
263,138,The Song Remains The Same (Disc 2)
264,139,A TempestadeTempestade Ou O Livro Dos Dias
264,140,Mais Do Mesmo
264,140,Mais Do Mesmo
264,141,Greatest Hits
264,141,Greatest Hits
264,142,Lulu Santos - RCA 100 Anos De Música - Álbum 01
264,142,Lulu Santos - RCA 100 Anos De Música - Álbum 01
264,142,Lulu Santos - RCA 100 Anos De Música - Álbum 01
264,144,Misplaced Childhood
264,145,Barulhinho Bom
264,145,Barulhinho Bom
264,146,Seek And Shall Find: More Of The Best (1963-1981)
264,146,Seek And Shall Find: More Of The Best (1963-1981)
264,147,The Best Of Men At Work
265,148,Black Album
266,148,Black Album
266,148,Black Album
267,148,Black Album
267,149,Garage Inc. (Disc 2)
268,149,Garage Inc. (Disc 2)
268,149,Garage Inc. (Disc 2)
268,149,Garage Inc. (Disc 2)
268,149,Garage Inc. (Disc 2)
269,149,Garage Inc. (Disc 2)
269,150,Kill 'Em All
269,150,Kill 'Em All
269,150,Kill 'Em All
269,151,Load
269,151,Load
270,151,Load
270,152,Master Of Puppets
270,153,ReLoad
270,153,ReLoad
270,154,Ride The Lightning
270,155,St. Anger
270,155,St. Anger
270,156,...And Justice For All
270,156,...And Justice For All
271,157,Miles Ahead
271,158,Milton Nascimento Ao Vivo
271,158,Milton Nascimento Ao Vivo
271,159,Minas
271,160,Ace Of Spades
271,160,Ace Of Spades
271,161,Demorou...
271,162,Motley Crue Greatest Hits
271,162,Motley Crue Greatest Hits
271,163,From The Muddy Banks Of The Wishkah [Live]
271,163,From The Muddy Banks Of The Wishkah [Live]
271,164,Nevermind
271,165,Compositores
271,165,Compositores
272,166,Olodum
273,166,Olodum
273,166,Olodum
274,167,Acústico MTV
274,167,Acústico MTV
275,167,Acústico MTV
275,167,Acústico MTV
275,167,Acústico MTV
275,167,Acústico MTV
276,167,Acústico MTV
276,167,Acústico MTV
276,168,Arquivo II
276,168,Arquivo II
276,168,Arquivo II
276,169,Arquivo Os Paralamas Do Sucesso
277,169,Arquivo Os Paralamas Do Sucesso
277,169,Arquivo Os Paralamas Do Sucesso
277,172,Diary of a Madman (Remastered)
277,174,Tribute
277,174,Tribute
277,175,Walking Into Clarksdale
277,175,Walking Into Clarksdale
277,176,Original Soundtracks 1
277,176,Original Soundtracks 1
278,177,The Beast Live
278,178,Live On Two Legs [Live]
278,178,Live On Two Legs [Live]
278,179,Pearl Jam
278,179,Pearl Jam
278,180,Riot Act
278,181,Ten
278,182,Vs.
278,182,Vs.
278,141,Greatest Hits
278,183,Dark Side Of The Moon
278,184,Os Cães Ladram Mas A Caravana Não Pára
278,184,Os Cães Ladram Mas A Caravana Não Pára
278,185,Greatest Hits I
279,186,News Of The World
280,186,News Of The World
280,186,News Of The World
281,186,News Of The World
281,186,News Of The World
282,186,News Of The World
282,187,Out Of Time
282,187,Out Of Time
282,188,Green
283,188,Green
283,188,Green
283,189,New Adventures In Hi-Fi
283,189,New Adventures In Hi-Fi
283,189,New Adventures In Hi-Fi
283,187,Out Of Time
284,187,Out Of Time
284,190,The Best Of R.E.M.: The IRS Years
284,190,The Best Of R.E.M.: The IRS Years
284,191,Cesta Básica
284,191,Cesta Básica
284,192,Raul Seixas
284,192,Raul Seixas
284,193,Blood Sugar Sex Magik
284,193,Blood Sugar Sex Magik
285,193,Blood Sugar Sex Magik
285,194,By The Way
285,195,Californication
285,195,Californication
285,196,Retrospective I (1974-1980)
285,196,Retrospective I (1974-1980)
285,197,Santana - As Years Go By
285,141,Greatest Hits
285,141,Greatest Hits
285,199,Maquinarama
285,200,O Samba Poconé
285,201,Judas 0: B-Sides and Rarities
285,201,Judas 0: B-Sides and Rarities
285,202,Rotten Apples: Greatest Hits
286,202,Rotten Apples: Greatest Hits
287,202,Rotten Apples: Greatest Hits
287,203,A-Sides
288,203,A-Sides
288,203,A-Sides
289,203,A-Sides
289,203,A-Sides
289,203,A-Sides
289,203,A-Sides
290,203,A-Sides
290,204,Morning Dance
290,204,Morning Dance
290,205,In Step
290,205,In Step
290,206,Core
291,206,Core
291,207,Mezmerize
291,207,Mezmerize
291,208,[1997] Black Light Syndrome
291,209,Live [Disc 1]
291,209,Live [Disc 1]
291,210,Live [Disc 2]
291,210,Live [Disc 2]
291,211,The Singles
292,211,The Singles
292,212,Beyond Good And Evil
292,213,"Pure Cult: The Best Of The Cult (For Rockers, Ravers, Lovers & Sinners) [UK]"
292,213,"Pure Cult: The Best Of The Cult (For Rockers, Ravers, Lovers & Sinners) [UK]"
292,214,The Doors
292,215,The Police Greatest Hits
292,215,The Police Greatest Hits
292,216,"Hot Rocks, 1964-1971 (Disc 1)"
292,217,No Security
292,217,No Security
292,218,Voodoo Lounge
292,218,Voodoo Lounge
292,219,Tangents
292,220,Transmission
293,221,My Generation - The Very Best Of The Who
294,221,My Generation - The Very Best Of The Who
294,221,My Generation - The Very Best Of The Who
295,221,My Generation - The Very Best Of The Who
295,221,My Generation - The Very Best Of The Who
296,221,My Generation - The Very Best Of The Who
296,221,My Generation - The Very Best Of The Who
296,221,My Generation - The Very Best Of The Who
296,221,My Generation - The Very Best Of The Who
297,222,Serie Sem Limite (Disc 1)
297,222,Serie Sem Limite (Disc 1)
297,222,Serie Sem Limite (Disc 1)
297,223,Serie Sem Limite (Disc 2)
297,223,Serie Sem Limite (Disc 2)
297,223,Serie Sem Limite (Disc 2)
298,223,Serie Sem Limite (Disc 2)
298,224,Acústico
298,224,Acústico
298,224,Acústico
298,225,Volume Dois
298,225,Volume Dois
298,225,Volume Dois
298,227,"Battlestar Galactica, Season 3"
298,227,"Battlestar Galactica, Season 3"
299,227,"Battlestar Galactica, Season 3"
299,228,"Heroes, Season 1"
299,228,"Heroes, Season 1"
299,231,"Lost, Season 2"
299,230,"Lost, Season 1"
299,229,"Lost, Season 3"
299,229,"Lost, Season 3"
299,229,"Lost, Season 3"
299,229,"Lost, Season 3"
299,231,"Lost, Season 2"
299,232,Achtung Baby
299,232,Achtung Baby
299,233,All That You Can't Leave Behind
299,234,B-Sides 1980-1990
300,235,How To Dismantle An Atomic Bomb
301,235,How To Dismantle An Atomic Bomb
301,235,How To Dismantle An Atomic Bomb
302,235,How To Dismantle An Atomic Bomb
302,235,How To Dismantle An Atomic Bomb
303,236,Pop
303,236,Pop
303,236,Pop
303,236,Pop
304,236,Pop
304,237,Rattle And Hum
304,237,Rattle And Hum
304,237,Rattle And Hum
304,237,Rattle And Hum
304,238,The Best Of 1980-1990
305,238,The Best Of 1980-1990
305,239,War
305,239,War
305,240,Zooropa
305,240,Zooropa
305,241,UB40 The Best Of - Volume Two [UK]
305,241,UB40 The Best Of - Volume Two [UK]
305,242,Diver Down
305,242,Diver Down
306,243,"The Best Of Van Halen, Vol. I"
306,243,"The Best Of Van Halen, Vol. I"
306,244,Van Halen
306,245,Van Halen III
306,246,Contraband
306,246,Contraband
306,247,Vinicius De Moraes
306,141,Greatest Hits
306,141,Greatest Hits
306,248,Ao Vivo [IMPORT]
306,248,Ao Vivo [IMPORT]
306,228,"Heroes, Season 1"
306,249,"The Office, Season 1"
306,250,"The Office, Season 2"
307,251,"The Office, Season 3"
308,251,"The Office, Season 3"
308,251,"The Office, Season 3"
309,251,"The Office, Season 3"
309,251,"The Office, Season 3"
310,251,"The Office, Season 3"
310,251,"The Office, Season 3"
310,251,"The Office, Season 3"
310,251,"The Office, Season 3"
311,251,"The Office, Season 3"
311,251,"The Office, Season 3"
311,253,"Battlestar Galactica (Classic), Season 1"
311,253,"Battlestar Galactica (Classic), Season 1"
311,253,"Battlestar Galactica (Classic), Season 1"
311,253,"Battlestar Galactica (Classic), Season 1"
312,253,"Battlestar Galactica (Classic), Season 1"
312,254,Aquaman
312,255,Instant Karma: The Amnesty International Campaign to Save Darfur
312,255,Instant Karma: The Amnesty International Campaign to Save Darfur
312,255,Instant Karma: The Amnesty International Campaign to Save Darfur
312,255,Instant Karma: The Amnesty International Campaign to Save Darfur
312,256,Speak of the Devil
312,256,Speak of the Devil
312,257,20th Century Masters - The Millennium Collection: The Best of Scorpions
313,258,House of Pain
313,258,House of Pain
313,259,Radio Brasil (O Som da Jovem Vanguarda) - Seleccao de Henrique Amaro
313,259,Radio Brasil (O Som da Jovem Vanguarda) - Seleccao de Henrique Amaro
313,261,"LOST, Season 4"
313,261,"LOST, Season 4"
313,265,Every Kind of Light
313,261,"LOST, Season 4"
313,269,Temple of the Dog
313,270,Carry On
313,271,Revelations
313,271,Revelations
313,278,Bach: The Cello Suites
313,287,Wagner: Favourite Overtures
314,299,Scheherazade
315,300,Bach: The Brandenburg Concertos
315,301,Chopin: Piano Concertos Nos. 1 & 2
316,303,Sibelius: Finlandia
316,280,The World of Classical Favourites
317,306,Elgar: Cello Concerto & Vaughan Williams: Fantasias
317,308,"Tchaikovsky: 1812 Festival Overture, Op.49, Capriccio Italien & Beethoven: Wellington's Victory"
317,310,Prokofiev: Romeo & Juliet
317,312,Berlioz: Symphonie Fantastique
318,316,Grieg: Peer Gynt Suites & Sibelius: Pelléas et Mélisande
318,320,Mozart: Symphonies Nos. 40 & 41
318,321,Back to Black
318,321,Back to Black
318,321,Back to Black
318,322,Frank
319,322,Frank
319,327,Bach: Orchestral Suites Nos. 1 - 4
319,333,Purcell: Music for the Queen Mary
319,338,Nielsen: The Six Symphonies
319,344,Schubert: The Late String Quartets & String Quintet (3 CD's)
319,3,Restless and Wild
319,1,For Those About To Rock We Salute You
319,4,Let There Be Rock
319,4,Let There Be Rock
320,5,Big Ones
320,6,Jagged Little Pill
320,6,Jagged Little Pill
320,7,Facelift
320,8,Warner 25 Anos
320,8,Warner 25 Anos
320,9,Plays Metallica By Four Cellos
320,10,Audioslave
320,11,Out Of Exile
320,12,BackBeat Soundtrack
320,12,BackBeat Soundtrack
320,13,The Best Of Billy Cobham
320,14,Alcohol Fueled Brewtality Live! [Disc 1]
320,15,Alcohol Fueled Brewtality Live! [Disc 2]
321,17,Black Sabbath Vol. 4 (Remaster)
322,17,Black Sabbath Vol. 4 (Remaster)
322,17,Black Sabbath Vol. 4 (Remaster)
323,17,Black Sabbath Vol. 4 (Remaster)
323,18,Body Count
324,18,Body Count
324,18,Body Count
324,18,Body Count
324,18,Body Count
325,18,Body Count
325,19,Chemical Wedding
325,19,Chemical Wedding
325,19,Chemical Wedding
325,20,The Best Of Buddy Guy - The Millenium Collection
325,20,The Best Of Buddy Guy - The Millenium Collection
326,21,Prenda Minha
326,21,Prenda Minha
326,21,Prenda Minha
326,22,Sozinho Remix Ao Vivo
326,23,Minha Historia
326,23,Minha Historia
326,23,Minha Historia
326,24,Afrociberdelia
326,24,Afrociberdelia
327,24,Afrociberdelia
327,25,Da Lama Ao Caos
327,25,Da Lama Ao Caos
327,26,Acústico MTV [Live]
327,26,Acústico MTV [Live]
327,27,Cidade Negra - Hits
327,28,Na Pista
327,29,Axé Bahia 2001
327,29,Axé Bahia 2001
327,30,BBC Sessions [Disc 1] [Live]
327,31,Bongo Fury
327,32,Carnaval 2001
327,32,Carnaval 2001
327,33,Chill: Brazil (Disc 1)
328,34,Chill: Brazil (Disc 2)
329,34,Chill: Brazil (Disc 2)
329,34,Chill: Brazil (Disc 2)
330,34,Chill: Brazil (Disc 2)
330,34,Chill: Brazil (Disc 2)
331,34,Chill: Brazil (Disc 2)
331,34,Chill: Brazil (Disc 2)
331,34,Chill: Brazil (Disc 2)
331,34,Chill: Brazil (Disc 2)
332,35,Garage Inc. (Disc 1)
332,35,Garage Inc. (Disc 1)
332,36,Greatest Hits II
332,36,Greatest Hits II
332,36,Greatest Hits II
332,36,Greatest Hits II
333,37,Greatest Kiss
333,37,Greatest Kiss
333,37,Greatest Kiss
333,37,Greatest Kiss
333,38,Heart of the Night
333,38,Heart of the Night
333,39,International Superhits
333,39,International Superhits
333,39,International Superhits
334,40,Into The Light
334,41,Meus Momentos
334,41,Meus Momentos
334,23,Minha Historia
334,42,Minha História
334,42,Minha História
334,43,MK III The Final Concerts [Disc 1]
334,45,Sambas De Enredo 2001
334,45,Sambas De Enredo 2001
334,46,Supernatural
334,47,The Best of Ed Motta
334,47,The Best of Ed Motta
334,48,The Essential Miles Davis [Disc 1]
334,49,The Essential Miles Davis [Disc 2]
335,51,Up An' Atom
336,51,Up An' Atom
336,51,Up An' Atom
337,51,Up An' Atom
337,51,Up An' Atom
338,51,Up An' Atom
338,51,Up An' Atom
338,51,Up An' Atom
338,51,Up An' Atom
339,51,Up An' Atom
339,52,Vinícius De Moraes - Sem Limite
339,52,Vinícius De Moraes - Sem Limite
339,52,Vinícius De Moraes - Sem Limite
339,52,Vinícius De Moraes - Sem Limite
339,53,Vozes do MPB
340,53,Vozes do MPB
340,54,"Chronicle, Vol. 1"
340,54,"Chronicle, Vol. 1"
340,54,"Chronicle, Vol. 1"
340,54,"Chronicle, Vol. 1"
340,55,"Chronicle, Vol. 2"
340,55,"Chronicle, Vol. 2"
340,55,"Chronicle, Vol. 2"
340,56,Cássia Eller - Coleção Sem Limite [Disc 2]
341,56,Cássia Eller - Coleção Sem Limite [Disc 2]
341,57,Cássia Eller - Sem Limite [Disc 1]
341,57,Cássia Eller - Sem Limite [Disc 1]
341,58,Come Taste The Band
341,60,Fireball
341,61,Knocking at Your Back Door: The Best Of Deep Purple in the 80's
341,62,Machine Head
341,63,Purpendicular
341,64,Slaves And Masters
341,65,Stormbringer
341,66,The Battle Rages On
341,66,The Battle Rages On
341,67,Vault: Def Leppard's Greatest Hits
341,68,Outbreak
342,69,Djavan Ao Vivo - Vol. 02
343,69,Djavan Ao Vivo - Vol. 02
343,69,Djavan Ao Vivo - Vol. 02
344,69,Djavan Ao Vivo - Vol. 02
344,69,Djavan Ao Vivo - Vol. 02
345,70,Djavan Ao Vivo - Vol. 1
345,70,Djavan Ao Vivo - Vol. 1
345,70,Djavan Ao Vivo - Vol. 1
345,70,Djavan Ao Vivo - Vol. 1
346,70,Djavan Ao Vivo - Vol. 1
346,71,Elis Regina-Minha História
346,71,Elis Regina-Minha História
346,71,Elis Regina-Minha História
346,72,The Cream Of Clapton
346,72,The Cream Of Clapton
347,72,The Cream Of Clapton
347,72,The Cream Of Clapton
347,73,Unplugged
347,73,Unplugged
347,74,Album Of The Year
347,74,Album Of The Year
347,75,Angel Dust
347,75,Angel Dust
347,76,King For A Day Fool For A Lifetime
348,76,King For A Day Fool For A Lifetime
348,77,The Real Thing
348,78,Deixa Entrar
348,78,Deixa Entrar
348,79,In Your Honor [Disc 1]
348,80,In Your Honor [Disc 2]
348,81,One By One
348,82,The Colour And The Shape
348,82,The Colour And The Shape
348,83,My Way: The Best Of Frank Sinatra [Disc 1]
348,83,My Way: The Best Of Frank Sinatra [Disc 1]
348,84,Roda De Funk
348,84,Roda De Funk
348,85,As Canções de Eu Tu Eles
349,86,Quanta Gente Veio Ver (Live)
350,86,Quanta Gente Veio Ver (Live)
350,86,Quanta Gente Veio Ver (Live)
351,86,Quanta Gente Veio Ver (Live)
351,86,Quanta Gente Veio Ver (Live)
352,86,Quanta Gente Veio Ver (Live)
352,86,Quanta Gente Veio Ver (Live)
352,86,Quanta Gente Veio Ver (Live)
352,87,Quanta Gente Veio ver--Bônus De Carnaval
353,73,Unplugged
353,73,Unplugged
353,73,Unplugged
353,73,Unplugged
353,88,Faceless
353,88,Faceless
354,89,American Idiot
354,89,American Idiot
354,89,American Idiot
354,90,Appetite for Destruction
354,90,Appetite for Destruction
354,91,Use Your Illusion I
354,91,Use Your Illusion I
354,92,Use Your Illusion II
354,92,Use Your Illusion II
355,93,Blue Moods
355,93,Blue Moods
355,94,A Matter of Life and Death
355,95,A Real Dead One
355,96,A Real Live One
355,97,Brave New World
355,97,Brave New World
355,98,Dance Of Death
355,99,Fear Of The Dark
355,100,Iron Maiden
355,101,Killers
355,102,Live After Death
355,102,Live After Death
355,103,Live At Donington 1992 (Disc 1)
356,104,Live At Donington 1992 (Disc 2)
357,104,Live At Donington 1992 (Disc 2)
357,104,Live At Donington 1992 (Disc 2)
358,105,No Prayer For The Dying
358,105,No Prayer For The Dying
359,105,No Prayer For The Dying
359,105,No Prayer For The Dying
359,105,No Prayer For The Dying
359,106,Piece Of Mind
360,106,Piece Of Mind
360,106,Piece Of Mind
360,107,Powerslave
360,107,Powerslave
360,108,Rock In Rio [CD1]
360,108,Rock In Rio [CD1]
361,109,Rock In Rio [CD2]
361,110,Seventh Son of a Seventh Son
361,110,Seventh Son of a Seventh Son
361,111,Somewhere in Time
361,112,The Number of The Beast
361,113,The X Factor
361,113,The X Factor
361,114,Virtual XI
361,114,Virtual XI
362,115,Sex Machine
362,115,Sex Machine
362,116,Emergency On Planet Earth
362,117,Synkronized
362,118,The Return Of The Space Cowboy
362,119,Get Born
362,119,Get Born
362,120,Are You Experienced?
362,120,Are You Experienced?
362,121,Surfing with the Alien (Remastered)
362,122,Jorge Ben Jor 25 Anos
362,123,Jota Quest-1995
362,123,Jota Quest-1995
362,124,Cafezinho
363,125,Living After Midnight
364,125,Living After Midnight
364,125,Living After Midnight
365,125,Living After Midnight
365,125,Living After Midnight
366,125,Living After Midnight
366,126,Unplugged [Live]
366,126,Unplugged [Live]
366,126,Unplugged [Live]
367,126,Unplugged [Live]
367,126,Unplugged [Live]
367,127,BBC Sessions [Disc 2] [Live]
367,127,BBC Sessions [Disc 2] [Live]
367,128,Coda
367,128,Coda
368,129,Houses Of The Holy
368,130,In Through The Out Door
368,130,In Through The Out Door
368,131,IV
368,132,Led Zeppelin I
368,133,Led Zeppelin II
368,133,Led Zeppelin II
368,134,Led Zeppelin III
368,134,Led Zeppelin III
369,135,Physical Graffiti [Disc 2]
369,137,The Song Remains The Same (Disc 1)
369,139,A TempestadeTempestade Ou O Livro Dos Dias
369,139,A TempestadeTempestade Ou O Livro Dos Dias
369,140,Mais Do Mesmo
369,140,Mais Do Mesmo
369,141,Greatest Hits
369,142,Lulu Santos - RCA 100 Anos De Música - Álbum 01
369,142,Lulu Santos - RCA 100 Anos De Música - Álbum 01
369,143,Lulu Santos - RCA 100 Anos De Música - Álbum 02
369,143,Lulu Santos - RCA 100 Anos De Música - Álbum 02
369,144,Misplaced Childhood
369,145,Barulhinho Bom
369,145,Barulhinho Bom
370,146,Seek And Shall Find: More Of The Best (1963-1981)
371,146,Seek And Shall Find: More Of The Best (1963-1981)
371,146,Seek And Shall Find: More Of The Best (1963-1981)
372,146,Seek And Shall Find: More Of The Best (1963-1981)
372,147,The Best Of Men At Work
373,147,The Best Of Men At Work
373,147,The Best Of Men At Work
373,147,The Best Of Men At Work
373,147,The Best Of Men At Work
374,148,Black Album
374,148,Black Album
374,148,Black Album
374,149,Garage Inc. (Disc 2)
374,149,Garage Inc. (Disc 2)
374,149,Garage Inc. (Disc 2)
375,150,Kill 'Em All
375,150,Kill 'Em All
375,151,Load
375,151,Load
375,152,Master Of Puppets
375,152,Master Of Puppets
375,153,ReLoad
375,153,ReLoad
375,154,Ride The Lightning
376,155,St. Anger
376,156,...And Justice For All
376,157,Miles Ahead
376,157,Miles Ahead
376,158,Milton Nascimento Ao Vivo
376,159,Minas
376,159,Minas
376,160,Ace Of Spades
376,161,Demorou...
376,161,Demorou...
376,162,Motley Crue Greatest Hits
376,162,Motley Crue Greatest Hits
376,163,From The Muddy Banks Of The Wishkah [Live]
376,164,Nevermind
377,165,Compositores
378,165,Compositores
378,165,Compositores
379,165,Compositores
379,165,Compositores
380,165,Compositores
380,165,Compositores
380,165,Compositores
380,166,Olodum
381,166,Olodum
381,166,Olodum
381,166,Olodum
381,167,Acústico MTV
381,167,Acústico MTV
381,167,Acústico MTV
382,167,Acústico MTV
382,168,Arquivo II
382,168,Arquivo II
382,169,Arquivo Os Paralamas Do Sucesso
382,169,Arquivo Os Paralamas Do Sucesso
382,169,Arquivo Os Paralamas Do Sucesso
382,173,No More Tears (Remastered)
382,174,Tribute
382,174,Tribute
383,175,Walking Into Clarksdale
383,176,Original Soundtracks 1
383,176,Original Soundtracks 1
383,177,The Beast Live
383,178,Live On Two Legs [Live]
383,178,Live On Two Legs [Live]
383,179,Pearl Jam
383,180,Riot Act
383,180,Riot Act
383,181,Ten
383,182,Vs.
383,141,Greatest Hits
383,141,Greatest Hits
383,183,Dark Side Of The Moon
384,184,Os Cães Ladram Mas A Caravana Não Pára
385,184,Os Cães Ladram Mas A Caravana Não Pára
385,184,Os Cães Ladram Mas A Caravana Não Pára
386,184,Os Cães Ladram Mas A Caravana Não Pára
386,185,Greatest Hits I
387,185,Greatest Hits I
387,185,Greatest Hits I
387,185,Greatest Hits I
387,185,Greatest Hits I
388,185,Greatest Hits I
388,186,News Of The World
388,186,News Of The World
388,186,News Of The World
388,187,Out Of Time
388,188,Green
389,188,Green
389,189,New Adventures In Hi-Fi
389,189,New Adventures In Hi-Fi
389,187,Out Of Time
389,187,Out Of Time
389,190,The Best Of R.E.M.: The IRS Years
389,190,The Best Of R.E.M.: The IRS Years
389,191,Cesta Básica
389,191,Cesta Básica
390,192,Raul Seixas
390,193,Blood Sugar Sex Magik
390,193,Blood Sugar Sex Magik
390,194,By The Way
390,194,By The Way
390,195,Californication
390,195,Californication
390,196,Retrospective I (1974-1980)
390,197,Santana - As Years Go By
390,198,Santana Live
390,141,Greatest Hits
390,199,Maquinarama
390,199,Maquinarama
390,200,O Samba Poconé
391,201,Judas 0: B-Sides and Rarities
392,201,Judas 0: B-Sides and Rarities
392,201,Judas 0: B-Sides and Rarities
393,201,Judas 0: B-Sides and Rarities
393,201,Judas 0: B-Sides and Rarities
394,202,Rotten Apples: Greatest Hits
394,202,Rotten Apples: Greatest Hits
394,202,Rotten Apples: Greatest Hits
394,202,Rotten Apples: Greatest Hits
395,202,Rotten Apples: Greatest Hits
395,202,Rotten Apples: Greatest Hits
395,203,A-Sides
395,203,A-Sides
395,203,A-Sides
395,203,A-Sides
396,204,Morning Dance
396,204,Morning Dance
396,205,In Step
396,206,Core
396,206,Core
396,207,Mezmerize
396,207,Mezmerize
396,208,[1997] Black Light Syndrome
396,209,Live [Disc 1]
397,210,Live [Disc 2]
397,211,The Singles
397,211,The Singles
397,212,Beyond Good And Evil
397,212,Beyond Good And Evil
397,213,"Pure Cult: The Best Of The Cult (For Rockers, Ravers, Lovers & Sinners) [UK]"
397,213,"Pure Cult: The Best Of The Cult (For Rockers, Ravers, Lovers & Sinners) [UK]"
397,214,The Doors
397,215,The Police Greatest Hits
397,215,The Police Greatest Hits
397,216,"Hot Rocks, 1964-1971 (Disc 1)"
397,217,No Security
397,218,Voodoo Lounge
397,218,Voodoo Lounge
398,219,Tangents
399,219,Tangents
399,219,Tangents
400,219,Tangents
400,219,Tangents
401,220,Transmission
401,220,Transmission
401,220,Transmission
401,220,Transmission
402,221,My Generation - The Very Best Of The Who
402,221,My Generation - The Very Best Of The Who
402,221,My Generation - The Very Best Of The Who
402,221,My Generation - The Very Best Of The Who
402,221,My Generation - The Very Best Of The Who
402,222,Serie Sem Limite (Disc 1)
403,222,Serie Sem Limite (Disc 1)
403,222,Serie Sem Limite (Disc 1)
403,223,Serie Sem Limite (Disc 2)
403,223,Serie Sem Limite (Disc 2)
403,224,Acústico
403,224,Acústico
403,224,Acústico
403,224,Acústico
403,225,Volume Dois
404,225,Volume Dois
404,227,"Battlestar Galactica, Season 3"
404,227,"Battlestar Galactica, Season 3"
404,228,"Heroes, Season 1"
404,228,"Heroes, Season 1"
404,231,"Lost, Season 2"
404,230,"Lost, Season 1"
404,230,"Lost, Season 1"
404,229,"Lost, Season 3"
404,229,"Lost, Season 3"
404,230,"Lost, Season 1"
404,230,"Lost, Season 1"
404,231,"Lost, Season 2"
404,232,Achtung Baby
405,233,All That You Can't Leave Behind
406,233,All That You Can't Leave Behind
406,233,All That You Can't Leave Behind
407,234,B-Sides 1980-1990
407,234,B-Sides 1980-1990
408,234,B-Sides 1980-1990
408,234,B-Sides 1980-1990
408,234,B-Sides 1980-1990
408,234,B-Sides 1980-1990
409,234,B-Sides 1980-1990
409,235,How To Dismantle An Atomic Bomb
409,235,How To Dismantle An Atomic Bomb
409,236,Pop
409,236,Pop
409,236,Pop
410,237,Rattle And Hum
410,237,Rattle And Hum
410,237,Rattle And Hum
410,238,The Best Of 1980-1990
410,238,The Best Of 1980-1990
410,239,War
410,239,War
410,240,Zooropa
410,240,Zooropa
411,241,UB40 The Best Of - Volume Two [UK]
411,242,Diver Down
411,243,"The Best Of Van Halen, Vol. I"
411,243,"The Best Of Van Halen, Vol. I"
411,244,Van Halen
411,244,Van Halen
411,245,Van Halen III
411,246,Contraband
411,247,Vinicius De Moraes
411,247,Vinicius De Moraes
411,141,Greatest Hits
411,141,Greatest Hits
411,248,Ao Vivo [IMPORT]
411,248,Ao Vivo [IMPORT]
412,249,"The Office, Season 1"
